caseid,username,password,expected,testcase
A_L1,asus,nepal@12,Epic sadface: Username and password do not match any user in this service,Login with incorrect username and password
A_L2,asus2,secret_sauce,Epic sadface: Username and password do not match any user in this service,Login with incorrect username
A_L3,error_user,nepal@124,Epic sadface: Username and password do not match any user in this service,Login with incorrect password
A_L4,,secret_sauce,Epic sadface: Username is required,Login with empty username
A_L5,error_user,,Epic sadface: Password is required,Login with empty password
A_L6,,,Epic sadface: Username is required,Login with empty username and password
A_L7,error_user,secret_sauce,Products,Login with valid username and password
