{
  "Total" : {
    "transaction" : "Total",
    "sampleCount" : 800,
    "errorCount" : 2,
    "errorPct" : 0.25,
    "meanResTime" : 6721.701249999995,
    "medianResTime" : 6816.5,
    "minResTime" : 1156.0,
    "maxResTime" : 14274.0,
    "pct1ResTime" : 10529.5,
    "pct2ResTime" : 11046.249999999998,
    "pct3ResTime" : 12561.970000000001,
    "throughput" : 7.969476903459749,
    "receivedKBytesPerSec" : 7.295738960406643,
    "sentKBytesPerSec" : 3.2616193261060142
  },
  "Seconds" : {
    "transaction" : "Seconds",
    "sampleCount" : 800,
    "errorCount" : 2,
    "errorPct" : 0.25,
    "meanResTime" : 6721.701249999995,
    "medianResTime" : 6816.5,
    "minResTime" : 1156.0,
    "maxResTime" : 14274.0,
    "pct1ResTime" : 10529.5,
    "pct2ResTime" : 11046.249999999998,
    "pct3ResTime" : 12561.970000000001,
    "throughput" : 7.969476903459749,
    "receivedKBytesPerSec" : 7.295738960406643,
    "sentKBytesPerSec" : 3.2616193261060142
  }
}