{
	"info": {
		"_postman_id": "465f3f59-d4f2-489f-ab57-404c893ade3f",
		"name": "Swagger_Game",
		"schema": "https://schema.getpostman.com/json/collection/v2.1.0/collection.json",
		"_exporter_id": "43347320",
		"_collection_link": "https://restless-shadow-428253.postman.co/workspace/Team-Workspace~e7636cec-24a5-47b8-852f-7ae88e48ac56/collection/43347320-465f3f59-d4f2-489f-ab57-404c893ade3f?action=share&source=collection_link&creator=43347320"
	},
	"item": [
		{
			"name": "Authenticate",
			"event": [
				{
					"listen": "prerequest",
					"script": {
						"exec": [
							"",
							""
						],
						"type": "text/javascript",
						"packages": {}
					}
				},
				{
					"listen": "test",
					"script": {
						"exec": [
							"pm.test(\"Authenticate User and get Token\", function () {",
							"    pm.response.to.have.status(200);",
							"    pm.response.to.have.jsonBody();",
							"    var responseJson = pm.response.json();",
							"    pm.environment.set(\"auth_token\", responseJson.token);",
							"});",
							""
						],
						"type": "text/javascript",
						"packages": {}
					}
				}
			],
			"request": {
				"method": "POST",
				"header": [
					{
						"key": "accept",
						"value": "application/json"
					},
					{
						"key": "Content-Type",
						"value": "application/json"
					}
				],
				"body": {
					"mode": "raw",
					"raw": "{\n  \"password\": \"admin\",\n  \"username\": \"admin\"\n}",
					"options": {
						"raw": {
							"language": "json"
						}
					}
				},
				"url": {
					"raw": "https://www.videogamedb.uk:443/api/authenticate",
					"protocol": "https",
					"host": [
						"www",
						"videogamedb",
						"uk"
					],
					"port": "443",
					"path": [
						"api",
						"authenticate"
					]
				},
				"description": "Generated from cURL: curl -X 'POST' \\\n  'https://www.videogamedb.uk:443/api/authenticate' \\\n  -H 'accept: application/json' \\\n  -H 'Content-Type: application/json' \\\n  -d '{\n  \"password\": \"admin\",\n  \"username\": \"admin\"\n}'"
			},
			"response": []
		},
		{
			"name": "List of Video Games",
			"event": [
				{
					"listen": "test",
					"script": {
						"exec": [
							"pm.test(\"Get List of Video Games\", function () {",
							"    // Check if the status is 200 OK",
							"    pm.response.to.have.status(200);",
							"    ",
							"    // Parse the response to JSON",
							"    var responseJson = pm.response.json();",
							"    ",
							"    // Check if the response body is an array",
							"    pm.expect(responseJson).to.be.an('array');",
							"    ",
							"    // Optionally, check if the array contains objects with specific properties",
							"    pm.expect(responseJson[0]).to.have.property('id');",
							"    pm.expect(responseJson[0]).to.have.property('name');",
							"    pm.expect(responseJson[0]).to.have.property('releaseDate');",
							"    pm.expect(responseJson[0]).to.have.property('reviewScore');",
							"    pm.expect(responseJson[0]).to.have.property('category');",
							"    pm.expect(responseJson[0]).to.have.property('rating');",
							"});",
							""
						],
						"type": "text/javascript",
						"packages": {}
					}
				}
			],
			"request": {
				"auth": {
					"type": "bearer",
					"bearer": [
						{
							"key": "token",
							"value": "{{auth_token}}",
							"type": "string"
						}
					]
				},
				"method": "GET",
				"header": [
					{
						"key": "accept",
						"value": "application/json"
					}
				],
				"url": {
					"raw": "https://www.videogamedb.uk:443/api/videogame",
					"protocol": "https",
					"host": [
						"www",
						"videogamedb",
						"uk"
					],
					"port": "443",
					"path": [
						"api",
						"videogame"
					]
				},
				"description": "Generated from cURL: curl -X 'GET' \\\n  'https://www.videogamedb.uk:443/api/videogame' \\\n  -H 'accept: application/json'"
			},
			"response": []
		},
		{
			"name": "Create new game",
			"event": [
				{
					"listen": "test",
					"script": {
						"exec": [
							"pm.test(\"Create a new video game\", function () {",
							"    pm.response.to.have.status(200); ",
							"    ",
							"    // Check if the response body is a valid JSON",
							"    pm.response.to.have.jsonBody(); ",
							"",
							"    // Assert that the response body has an 'id' property",
							"    // pm.expect(pm.response.json()).to.have.property(\"id\");",
							"",
							"    // // Store the 'id' from the response in the environment variable",
							"    // pm.environment.set(\"game_id\", pm.response.json().id);",
							"});",
							""
						],
						"type": "text/javascript",
						"packages": {}
					}
				}
			],
			"request": {
				"auth": {
					"type": "bearer",
					"bearer": [
						{
							"key": "token",
							"value": "{{auth_token}}",
							"type": "string"
						}
					]
				},
				"method": "POST",
				"header": [
					{
						"key": "accept",
						"value": "application/json"
					},
					{
						"key": "Authorization",
						"value": "Bearer Bearer"
					},
					{
						"key": "Content-Type",
						"value": "application/json"
					}
				],
				"body": {
					"mode": "raw",
					"raw": "{\n    \n  \"category\": \"Platform\",\n  \"name\": \"Mario\",\n  \"rating\": \"Mature\",\n  \"releaseDate\": \"2012-05-04\",\n  \"reviewScore\": 85\n}",
					"options": {
						"raw": {
							"language": "json"
						}
					}
				},
				"url": {
					"raw": "https://www.videogamedb.uk:443/api/videogame",
					"protocol": "https",
					"host": [
						"www",
						"videogamedb",
						"uk"
					],
					"port": "443",
					"path": [
						"api",
						"videogame"
					]
				},
				"description": "Generated from cURL: curl -X 'POST' \\\n  'https://www.videogamedb.uk:443/api/videogame' \\\n  -H 'accept: application/json' \\\n  -H 'Authorization: Bearer Bearer' \\\n  -H 'Content-Type: application/json' \\\n  -d '{\n  \"category\": \"Platform\",\n  \"name\": \"Mario\",\n  \"rating\": \"Mature\",\n  \"releaseDate\": \"2012-05-04\",\n  \"reviewScore\": 85\n}'"
			},
			"response": []
		},
		{
			"name": "Get a video game",
			"event": [
				{
					"listen": "test",
					"script": {
						"exec": [
							"pm.test(\"Get video game by ID\", function () {",
							"    // Check if the status code is 200",
							"    pm.response.to.have.status(200);",
							"    ",
							"    // Check if the response body is a valid JSON",
							"    pm.response.to.have.jsonBody();",
							"",
							"    // Retrieve the 'id' from the response and compare it with the 'game_id' in the environment variable",
							"    var responseId = pm.response.json().id;",
							"    var expectedId = pm.environment.get(\"game_id\");",
							"",
							"    // Convert expectedId to a number (or responseId to string) to make sure they match",
							"    pm.expect(responseId).to.eql(Number(expectedId));  // Converting expectedId to a number",
							"});",
							""
						],
						"type": "text/javascript",
						"packages": {}
					}
				}
			],
			"request": {
				"auth": {
					"type": "bearer",
					"bearer": [
						{
							"key": "token",
							"value": "{{auth_token}}",
							"type": "string"
						}
					]
				},
				"method": "GET",
				"header": [
					{
						"key": "accept",
						"value": "application/json"
					}
				],
				"url": {
					"raw": "https://www.videogamedb.uk:443/api/videogame/{{game_id}}",
					"protocol": "https",
					"host": [
						"www",
						"videogamedb",
						"uk"
					],
					"port": "443",
					"path": [
						"api",
						"videogame",
						"{{game_id}}"
					]
				},
				"description": "Generated from cURL: curl -X 'GET' \\\n  'https://www.videogamedb.uk:443/api/videogame/1' \\\n  -H 'accept: application/json'"
			},
			"response": []
		},
		{
			"name": "Update a video game",
			"event": [
				{
					"listen": "test",
					"script": {
						"exec": [
							"pm.test(\"Update video game details\", function () {",
							"    // Check if the status code is 200",
							"    pm.response.to.have.status(200);",
							"    ",
							"    // Check if the response body is a valid JSON",
							"    pm.response.to.have.jsonBody();",
							"",
							"    // Retrieve the 'id' from the response and compare it with the 'game_id' in the environment variable",
							"    var responseId = pm.response.json().id;",
							"    var expectedId = pm.environment.get(\"game_id\");",
							"",
							"    // Convert expectedId to a number (or responseId to string) to make sure they match",
							"    pm.expect(responseId).to.eql(Number(expectedId));  // Converting expectedId to a number",
							"});",
							""
						],
						"type": "text/javascript",
						"packages": {}
					}
				}
			],
			"request": {
				"auth": {
					"type": "bearer",
					"bearer": [
						{
							"key": "token",
							"value": "{{auth_token}}",
							"type": "string"
						}
					]
				},
				"method": "PUT",
				"header": [
					{
						"key": "accept",
						"value": "application/json"
					},
					{
						"key": "Authorization",
						"value": "Bearer Bearer"
					},
					{
						"key": "Content-Type",
						"value": "application/json"
					}
				],
				"body": {
					"mode": "raw",
					"raw": "{\n  \"category\": \"Platform\",\n  \"name\": \"Mario\",\n  \"rating\": \"Mature\",\n  \"releaseDate\": \"2012-05-04\",\n  \"reviewScore\": 85\n}",
					"options": {
						"raw": {
							"language": "json"
						}
					}
				},
				"url": {
					"raw": "https://www.videogamedb.uk:443/api/videogame/{{game_id}}",
					"protocol": "https",
					"host": [
						"www",
						"videogamedb",
						"uk"
					],
					"port": "443",
					"path": [
						"api",
						"videogame",
						"{{game_id}}"
					]
				},
				"description": "Generated from cURL: curl -X 'PUT' \\\n  'https://www.videogamedb.uk:443/api/videogame/2' \\\n  -H 'accept: application/json' \\\n  -H 'Authorization: Bearer Bearer' \\\n  -H 'Content-Type: application/json' \\\n  -d '{\n  \"category\": \"Platform\",\n  \"name\": \"Mario\",\n  \"rating\": \"Mature\",\n  \"releaseDate\": \"2012-05-04\",\n  \"reviewScore\": 85\n}'"
			},
			"response": []
		},
		{
			"name": "Delete video game",
			"event": [
				{
					"listen": "test",
					"script": {
						"exec": [
							"pm.test(\"Delete video game\", function () {",
							"    // Check if the status code is 200",
							"    pm.response.to.have.status(200);",
							"",
							"    // Ensure response body contains expected delete confirmation message",
							"    pm.expect(pm.response.text()).to.equal(\"Video game deleted\");",
							"});",
							""
						],
						"type": "text/javascript",
						"packages": {}
					}
				}
			],
			"request": {
				"auth": {
					"type": "bearer",
					"bearer": [
						{
							"key": "token",
							"value": "{{auth_token}}",
							"type": "string"
						}
					]
				},
				"method": "DELETE",
				"header": [
					{
						"key": "accept",
						"value": "application/json"
					},
					{
						"key": "Authorization",
						"value": "Bearer Bearer"
					}
				],
				"url": {
					"raw": "https://www.videogamedb.uk:443/api/videogame/{{game_id}}",
					"protocol": "https",
					"host": [
						"www",
						"videogamedb",
						"uk"
					],
					"port": "443",
					"path": [
						"api",
						"videogame",
						"{{game_id}}"
					]
				},
				"description": "Generated from cURL: curl -X 'DELETE' \\\n  'https://www.videogamedb.uk:443/api/videogame/2' \\\n  -H 'accept: application/json' \\\n  -H 'Authorization: Bearer Bearer'"
			},
			"response": []
		}
	]
}